<?xml version="1.0" encoding="UTF-8" standalone="yes"?>
<OfficeApp xmlns="http://schemas.microsoft.com/office/appforoffice/1.1" xmlns:xsi="http://www.w3.org/2001/XMLSchema-instance" xsi:type="MailApp" xmlns:bt="http://schemas.microsoft.com/office/officeappbasictypes/1.0">
  <Id>44913d09-59d9-4ed4-998b-dc5ba2fcd4d1</Id>
  <Version>1.0.0.0</Version>
  <ProviderName>[Provider name]</ProviderName>
  <DefaultLocale>en-US</DefaultLocale>
  <DisplayName DefaultValue="OutlookClick2Dial"/>
  <Description DefaultValue="[Outlook Add-in description]"/>
  <IconUrl DefaultValue="https://www.jerevise.ma/images/icon-32.png"/>
  <HighResolutionIconUrl DefaultValue="https://www.jerevise.ma/images/hi-res-icon.png"/>
  <Hosts>
    <Host Name="Mailbox"/>
  </Hosts>
  <Requirements>
    <Sets>
      <Set Name="MailBox" MinVersion="1.1"/>
    </Sets>
  </Requirements>
  <FormSettings>
    <Form xsi:type="ItemRead">
      <DesktopSettings>
        <SourceLocation DefaultValue="https://www.jerevise.ma/appread/index.html"/>
        <RequestedHeight>250</RequestedHeight>
      </DesktopSettings>
    </Form>
    <Form xsi:type="ItemEdit">
      <DesktopSettings>
        <SourceLocation DefaultValue="https://www.jerevise.ma/appcompose/index.html"/>
      </DesktopSettings>
    </Form>
  </FormSettings>
  <Permissions>ReadWriteItem</Permissions>
  <Rule xsi:type="RuleCollection" Mode="Or">
    <Rule xsi:type="ItemIs" ItemType="Message" FormType="Read"/>
    <Rule xsi:type="ItemIs" ItemType="Message" FormType="Edit"/>
  </Rule>
  <DisableEntityHighlighting>false</DisableEntityHighlighting>
  <VersionOverrides xmlns="http://schemas.microsoft.com/office/mailappversionoverrides" xsi:type="VersionOverridesV1_0">
    <Hosts>
      <Host xsi:type="MailHost">
        <DesktopFormFactor>
          <FunctionFile resid="funcFile"/>
          <ExtensionPoint xsi:type="MessageReadCommandSurface">
            <OfficeTab id="TabDefault">
              <Group id="group1">
                <Label resid="groupLabel1"/>
                <Control xsi:type="Button" id="uilessButton1">
                  <Label resid="uilessButtonLabel1"/>
                  <Supertip>
                    <Title resid="uilessButtonSuperTipTitle1"/>
                    <Description resid="uilessButtonSuperTipDesc1"/>
                  </Supertip>
                  <Icon>
                    <bt:Image size="16" resid="uilessButtonIcon1-16"/>
                    <bt:Image size="32" resid="uilessButtonIcon1-32"/>
                    <bt:Image size="80" resid="uilessButtonIcon1-80"/>
                  </Icon>
                  <Action xsi:type="ExecuteFunction">
                    <FunctionName>buttonFunction1</FunctionName>
                  </Action>
                </Control>
                <Control xsi:type="Menu" id="menu1">
                  <Label resid="menuLabel1"/>
                  <Supertip>
                    <Title resid="menuSuperTipTitle1"/>
                    <Description resid="menuSuperTipDesc1"/>
                  </Supertip>
                  <Icon>
                    <bt:Image size="16" resid="menuIcon1-16"/>
                    <bt:Image size="32" resid="menuIcon1-32"/>
                    <bt:Image size="80" resid="menuIcon1-80"/>
                  </Icon>
                  <Items>
                    <Item id="uilessButton2">
                      <Label resid="uilessButtonLabel2"/>
                      <Supertip>
                        <Title resid="uilessButtonSuperTipTitle2"/>
                        <Description resid="uilessButtonSuperTipDesc2"/>
                      </Supertip>
                      <Icon>
                        <bt:Image size="16" resid="uilessButtonIcon2-16"/>
                        <bt:Image size="32" resid="uilessButtonIcon2-32"/>
                        <bt:Image size="80" resid="uilessButtonIcon2-80"/>
                      </Icon>
                      <Action xsi:type="ExecuteFunction">
                        <FunctionName>buttonFunction2</FunctionName>
                      </Action>
                    </Item>
                  </Items>
                </Control>
                <Control xsi:type="Button" id="taskpaneButton1">
                  <Label resid="taskpaneButtonLabel1"/>
                  <Supertip>
                    <Title resid="taskpaneButtonSuperTipTitle1"/>
                    <Description resid="taskpaneButtonSuperTipDesc1"/>
                  </Supertip>
                  <Icon>
                    <bt:Image size="16" resid="taskpaneButtonIcon1-16"/>
                    <bt:Image size="32" resid="taskpaneButtonIcon1-32"/>
                    <bt:Image size="80" resid="taskpaneButtonIcon1-80"/>
                  </Icon>
                  <Action xsi:type="ShowTaskpane">
                    <SourceLocation resid="taskPaneUrl1"/>
                  </Action>
                </Control>
              </Group>
            </OfficeTab>
            <CustomTab id="TabCustom1">
              <Group id="group2">
                <Label resid="groupLabel2"/>
                <Control xsi:type="Button" id="uilessButton3">
                  <Label resid="uilessButtonLabel3"/>
                  <Supertip>
                    <Title resid="uilessButtonSuperTipTitle3"/>
                    <Description resid="uilessButtonSuperTipDesc3"/>
                  </Supertip>
                  <Icon>
                    <bt:Image size="16" resid="uilessButtonIcon3-16"/>
                    <bt:Image size="32" resid="uilessButtonIcon3-32"/>
                    <bt:Image size="80" resid="uilessButtonIcon3-80"/>
                  </Icon>
                  <Action xsi:type="ExecuteFunction">
                    <FunctionName>buttonFunction3</FunctionName>
                  </Action>
                </Control>
                <Control xsi:type="Menu" id="menu2">
                  <Label resid="menuLabel2"/>
                  <Supertip>
                    <Title resid="menuSuperTipTitle2"/>
                    <Description resid="menuSuperTipDesc2"/>
                  </Supertip>
                  <Icon>
                    <bt:Image size="16" resid="menuIcon2-16"/>
                    <bt:Image size="32" resid="menuIcon2-32"/>
                    <bt:Image size="80" resid="menuIcon2-80"/>
                  </Icon>
                  <Items>
                    <Item id="uilessButton4">
                      <Label resid="uilessButtonLabel4"/>
                      <Supertip>
                        <Title resid="uilessButtonSuperTipTitle4"/>
                        <Description resid="uilessButtonSuperTipDesc4"/>
                      </Supertip>
                      <Icon>
                        <bt:Image size="16" resid="uilessButtonIcon4-16"/>
                        <bt:Image size="32" resid="uilessButtonIcon4-32"/>
                        <bt:Image size="80" resid="uilessButtonIcon4-80"/>
                      </Icon>
                      <Action xsi:type="ExecuteFunction">
                        <FunctionName>buttonFunction4</FunctionName>
                      </Action>
                    </Item>
                  </Items>
                </Control>
                <Control xsi:type="Button" id="taskpaneButton2">
                  <Label resid="taskpaneButtonLabel2"/>
                  <Supertip>
                    <Title resid="taskpaneButtonSuperTipTitle2"/>
                    <Description resid="taskpaneButtonSuperTipDesc2"/>
                  </Supertip>
                  <Icon>
                    <bt:Image size="16" resid="taskpaneButtonIcon2-16"/>
                    <bt:Image size="32" resid="taskpaneButtonIcon2-32"/>
                    <bt:Image size="80" resid="taskpaneButtonIcon2-80"/>
                  </Icon>
                  <Action xsi:type="ShowTaskpane">
                    <SourceLocation resid="taskPaneUrl2"/>
                  </Action>
                </Control>
              </Group>
              <Label resid="customTabLabel1"/>
            </CustomTab>
          </ExtensionPoint>
          <ExtensionPoint xsi:type="MessageComposeCommandSurface">
            <OfficeTab id="TabDefault">
              <Group id="group3">
                <Label resid="groupLabel3"/>
                <Control xsi:type="Button" id="uilessButton5">
                  <Label resid="uilessButtonLabel5"/>
                  <Supertip>
                    <Title resid="uilessButtonSuperTipTitle5"/>
                    <Description resid="uilessButtonSuperTipDesc5"/>
                  </Supertip>
                  <Icon>
                    <bt:Image size="16" resid="uilessButtonIcon5-16"/>
                    <bt:Image size="32" resid="uilessButtonIcon5-32"/>
                    <bt:Image size="80" resid="uilessButtonIcon5-80"/>
                  </Icon>
                  <Action xsi:type="ExecuteFunction">
                    <FunctionName>buttonFunction5</FunctionName>
                  </Action>
                </Control>
                <Control xsi:type="Menu" id="menu3">
                  <Label resid="menuLabel3"/>
                  <Supertip>
                    <Title resid="menuSuperTipTitle3"/>
                    <Description resid="menuSuperTipDesc3"/>
                  </Supertip>
                  <Icon>
                    <bt:Image size="16" resid="menuIcon3-16"/>
                    <bt:Image size="32" resid="menuIcon3-32"/>
                    <bt:Image size="80" resid="menuIcon3-80"/>
                  </Icon>
                  <Items>
                    <Item id="uilessButton6">
                      <Label resid="uilessButtonLabel6"/>
                      <Supertip>
                        <Title resid="uilessButtonSuperTipTitle6"/>
                        <Description resid="uilessButtonSuperTipDesc6"/>
                      </Supertip>
                      <Icon>
                        <bt:Image size="16" resid="uilessButtonIcon6-16"/>
                        <bt:Image size="32" resid="uilessButtonIcon6-32"/>
                        <bt:Image size="80" resid="uilessButtonIcon6-80"/>
                      </Icon>
                      <Action xsi:type="ExecuteFunction">
                        <FunctionName>buttonFunction6</FunctionName>
                      </Action>
                    </Item>
                  </Items>
                </Control>
                <Control xsi:type="Button" id="taskpaneButton3">
                  <Label resid="taskpaneButtonLabel3"/>
                  <Supertip>
                    <Title resid="taskpaneButtonSuperTipTitle3"/>
                    <Description resid="taskpaneButtonSuperTipDesc3"/>
                  </Supertip>
                  <Icon>
                    <bt:Image size="16" resid="taskpaneButtonIcon3-16"/>
                    <bt:Image size="32" resid="taskpaneButtonIcon3-32"/>
                    <bt:Image size="80" resid="taskpaneButtonIcon3-80"/>
                  </Icon>
                  <Action xsi:type="ShowTaskpane">
                    <SourceLocation resid="taskPaneUrl3"/>
                  </Action>
                </Control>
              </Group>
            </OfficeTab>
            <CustomTab id="TabCustom2">
              <Group id="group4">
                <Label resid="groupLabel4"/>
                <Control xsi:type="Button" id="uilessButton7">
                  <Label resid="uilessButtonLabel7"/>
                  <Supertip>
                    <Title resid="uilessButtonSuperTipTitle7"/>
                    <Description resid="uilessButtonSuperTipDesc7"/>
                  </Supertip>
                  <Icon>
                    <bt:Image size="16" resid="uilessButtonIcon7-16"/>
                    <bt:Image size="32" resid="uilessButtonIcon7-32"/>
                    <bt:Image size="80" resid="uilessButtonIcon7-80"/>
                  </Icon>
                  <Action xsi:type="ExecuteFunction">
                    <FunctionName>buttonFunction7</FunctionName>
                  </Action>
                </Control>
                <Control xsi:type="Menu" id="menu4">
                  <Label resid="menuLabel4"/>
                  <Supertip>
                    <Title resid="menuSuperTipTitle4"/>
                    <Description resid="menuSuperTipDesc4"/>
                  </Supertip>
                  <Icon>
                    <bt:Image size="16" resid="menuIcon4-16"/>
                    <bt:Image size="32" resid="menuIcon4-32"/>
                    <bt:Image size="80" resid="menuIcon4-80"/>
                  </Icon>
                  <Items>
                    <Item id="uilessButton8">
                      <Label resid="uilessButtonLabel8"/>
                      <Supertip>
                        <Title resid="uilessButtonSuperTipTitle8"/>
                        <Description resid="uilessButtonSuperTipDesc8"/>
                      </Supertip>
                      <Icon>
                        <bt:Image size="16" resid="uilessButtonIcon8-16"/>
                        <bt:Image size="32" resid="uilessButtonIcon8-32"/>
                        <bt:Image size="80" resid="uilessButtonIcon8-80"/>
                      </Icon>
                      <Action xsi:type="ExecuteFunction">
                        <FunctionName>buttonFunction8</FunctionName>
                      </Action>
                    </Item>
                  </Items>
                </Control>
                <Control xsi:type="Button" id="taskpaneButton4">
                  <Label resid="taskpaneButtonLabel4"/>
                  <Supertip>
                    <Title resid="taskpaneButtonSuperTipTitle4"/>
                    <Description resid="taskpaneButtonSuperTipDesc4"/>
                  </Supertip>
                  <Icon>
                    <bt:Image size="16" resid="taskpaneButtonIcon4-16"/>
                    <bt:Image size="32" resid="taskpaneButtonIcon4-32"/>
                    <bt:Image size="80" resid="taskpaneButtonIcon4-80"/>
                  </Icon>
                  <Action xsi:type="ShowTaskpane">
                    <SourceLocation resid="taskPaneUrl4"/>
                  </Action>
                </Control>
              </Group>
              <Label resid="customTabLabel2"/>
            </CustomTab>
          </ExtensionPoint>
        </DesktopFormFactor>
      </Host>
    </Hosts>
    <Resources>
      <bt:Images>
        <bt:Image id="menuIcon1-16" DefaultValue="https://www.jerevise.ma/images/icon-16.png"/>
        <bt:Image id="menuIcon1-32" DefaultValue="https://www.jerevise.ma/images/icon-32.png"/>
        <bt:Image id="menuIcon1-80" DefaultValue="https://www.jerevise.ma/images/icon-80.png"/>
        <bt:Image id="menuIcon2-16" DefaultValue="https://www.jerevise.ma/images/icon-16.png"/>
        <bt:Image id="menuIcon2-32" DefaultValue="https://www.jerevise.ma/images/icon-32.png"/>
        <bt:Image id="menuIcon2-80" DefaultValue="https://www.jerevise.ma/images/icon-80.png"/>
        <bt:Image id="menuIcon3-16" DefaultValue="https://www.jerevise.ma/images/icon-16.png"/>
        <bt:Image id="menuIcon3-32" DefaultValue="https://www.jerevise.ma/images/icon-32.png"/>
        <bt:Image id="menuIcon3-80" DefaultValue="https://www.jerevise.ma/images/icon-80.png"/>
        <bt:Image id="menuIcon4-16" DefaultValue="https://www.jerevise.ma/images/icon-16.png"/>
        <bt:Image id="menuIcon4-32" DefaultValue="https://www.jerevise.ma/images/icon-32.png"/>
        <bt:Image id="menuIcon4-80" DefaultValue="https://www.jerevise.ma/images/icon-80.png"/>
        <bt:Image id="taskpaneButtonIcon1-16" DefaultValue="https://www.jerevise.ma/images/icon-16.png"/>
        <bt:Image id="taskpaneButtonIcon1-32" DefaultValue="https://www.jerevise.ma/images/icon-32.png"/>
        <bt:Image id="taskpaneButtonIcon1-80" DefaultValue="https://www.jerevise.ma/images/icon-80.png"/>
        <bt:Image id="taskpaneButtonIcon2-16" DefaultValue="https://www.jerevise.ma/images/icon-16.png"/>
        <bt:Image id="taskpaneButtonIcon2-32" DefaultValue="https://www.jerevise.ma/images/icon-32.png"/>
        <bt:Image id="taskpaneButtonIcon2-80" DefaultValue="https://www.jerevise.ma/images/icon-80.png"/>
        <bt:Image id="taskpaneButtonIcon3-16" DefaultValue="https://www.jerevise.ma/images/icon-16.png"/>
        <bt:Image id="taskpaneButtonIcon3-32" DefaultValue="https://www.jerevise.ma/images/icon-32.png"/>
        <bt:Image id="taskpaneButtonIcon3-80" DefaultValue="https://www.jerevise.ma/images/icon-80.png"/>
        <bt:Image id="taskpaneButtonIcon4-16" DefaultValue="https://www.jerevise.ma/images/icon-16.png"/>
        <bt:Image id="taskpaneButtonIcon4-32" DefaultValue="https://www.jerevise.ma/images/icon-32.png"/>
        <bt:Image id="taskpaneButtonIcon4-80" DefaultValue="https://www.jerevise.ma/images/icon-80.png"/>
        <bt:Image id="uilessButtonIcon1-16" DefaultValue="https://www.jerevise.ma/images/icon-16.png"/>
        <bt:Image id="uilessButtonIcon1-32" DefaultValue="https://www.jerevise.ma/images/icon-32.png"/>
        <bt:Image id="uilessButtonIcon1-80" DefaultValue="https://www.jerevise.ma/images/icon-80.png"/>
        <bt:Image id="uilessButtonIcon2-16" DefaultValue="https://www.jerevise.ma/images/icon-16.png"/>
        <bt:Image id="uilessButtonIcon2-32" DefaultValue="https://www.jerevise.ma/images/icon-32.png"/>
        <bt:Image id="uilessButtonIcon2-80" DefaultValue="https://www.jerevise.ma/images/icon-80.png"/>
        <bt:Image id="uilessButtonIcon3-16" DefaultValue="https://www.jerevise.ma/images/icon-16.png"/>
        <bt:Image id="uilessButtonIcon3-32" DefaultValue="https://www.jerevise.ma/images/icon-32.png"/>
        <bt:Image id="uilessButtonIcon3-80" DefaultValue="https://www.jerevise.ma/images/icon-80.png"/>
        <bt:Image id="uilessButtonIcon4-16" DefaultValue="https://www.jerevise.ma/images/icon-16.png"/>
        <bt:Image id="uilessButtonIcon4-32" DefaultValue="https://www.jerevise.ma/images/icon-32.png"/>
        <bt:Image id="uilessButtonIcon4-80" DefaultValue="https://www.jerevise.ma/images/icon-80.png"/>
        <bt:Image id="uilessButtonIcon5-16" DefaultValue="https://www.jerevise.ma/images/icon-16.png"/>
        <bt:Image id="uilessButtonIcon5-32" DefaultValue="https://www.jerevise.ma/images/icon-32.png"/>
        <bt:Image id="uilessButtonIcon5-80" DefaultValue="https://www.jerevise.ma/images/icon-80.png"/>
        <bt:Image id="uilessButtonIcon6-16" DefaultValue="https://www.jerevise.ma/images/icon-16.png"/>
        <bt:Image id="uilessButtonIcon6-32" DefaultValue="https://www.jerevise.ma/images/icon-32.png"/>
        <bt:Image id="uilessButtonIcon6-80" DefaultValue="https://www.jerevise.ma/images/icon-80.png"/>
        <bt:Image id="uilessButtonIcon7-16" DefaultValue="https://www.jerevise.ma/images/icon-16.png"/>
        <bt:Image id="uilessButtonIcon7-32" DefaultValue="https://www.jerevise.ma/images/icon-32.png"/>
        <bt:Image id="uilessButtonIcon7-80" DefaultValue="https://www.jerevise.ma/images/icon-80.png"/>
        <bt:Image id="uilessButtonIcon8-16" DefaultValue="https://www.jerevise.ma/images/icon-16.png"/>
        <bt:Image id="uilessButtonIcon8-32" DefaultValue="https://www.jerevise.ma/images/icon-32.png"/>
        <bt:Image id="uilessButtonIcon8-80" DefaultValue="https://www.jerevise.ma/images/icon-80.png"/>
      </bt:Images>
      <bt:Urls>
        <bt:Url id="funcFile" DefaultValue="https://www.jerevise.ma/FunctionFile/Functions.html"/>
        <bt:Url id="taskPaneUrl1" DefaultValue="https://www.jerevise.ma/TaskPane/TaskPane.html"/>
        <bt:Url id="taskPaneUrl2" DefaultValue="https://www.jerevise.ma/TaskPane/TaskPane.html"/>
        <bt:Url id="taskPaneUrl3" DefaultValue="https://www.jerevise.ma/TaskPane/TaskPane.html"/>
        <bt:Url id="taskPaneUrl4" DefaultValue="https://www.jerevise.ma/TaskPane/TaskPane.html"/>
      </bt:Urls>
      <bt:ShortStrings>
        <bt:String id="customTabLabel1" DefaultValue="Custom Tab 1"/>
        <bt:String id="customTabLabel2" DefaultValue="Custom Tab 2"/>
        <bt:String id="groupLabel1" DefaultValue="Group 1"/>
        <bt:String id="groupLabel2" DefaultValue="Group 2"/>
        <bt:String id="groupLabel3" DefaultValue="Group 3"/>
        <bt:String id="groupLabel4" DefaultValue="Group 4"/>
        <bt:String id="menuLabel1" DefaultValue="Menu 1"/>
        <bt:String id="menuLabel2" DefaultValue="Menu 2"/>
        <bt:String id="menuLabel3" DefaultValue="Menu 3"/>
        <bt:String id="menuLabel4" DefaultValue="Menu 4"/>
        <bt:String id="menuSuperTipTitle1" DefaultValue="Menu 1"/>
        <bt:String id="menuSuperTipTitle2" DefaultValue="Menu 2"/>
        <bt:String id="menuSuperTipTitle3" DefaultValue="Menu 3"/>
        <bt:String id="menuSuperTipTitle4" DefaultValue="Menu 4"/>
        <bt:String id="taskpaneButtonLabel1" DefaultValue="Taskpane Button 1"/>
        <bt:String id="taskpaneButtonLabel2" DefaultValue="Taskpane Button 2"/>
        <bt:String id="taskpaneButtonLabel3" DefaultValue="Taskpane Button 3"/>
        <bt:String id="taskpaneButtonLabel4" DefaultValue="Taskpane Button 4"/>
        <bt:String id="taskpaneButtonSuperTipTitle1" DefaultValue="Taskpane Button 1"/>
        <bt:String id="taskpaneButtonSuperTipTitle2" DefaultValue="Taskpane Button 2"/>
        <bt:String id="taskpaneButtonSuperTipTitle3" DefaultValue="Taskpane Button 3"/>
        <bt:String id="taskpaneButtonSuperTipTitle4" DefaultValue="Taskpane Button 4"/>
        <bt:String id="uilessButtonLabel1" DefaultValue="UI-less Button 1"/>
        <bt:String id="uilessButtonLabel2" DefaultValue="UI-less Button 2"/>
        <bt:String id="uilessButtonLabel3" DefaultValue="UI-less Button 3"/>
        <bt:String id="uilessButtonLabel4" DefaultValue="UI-less Button 4"/>
        <bt:String id="uilessButtonLabel5" DefaultValue="UI-less Button 5"/>
        <bt:String id="uilessButtonLabel6" DefaultValue="UI-less Button 6"/>
        <bt:String id="uilessButtonLabel7" DefaultValue="UI-less Button 7"/>
        <bt:String id="uilessButtonLabel8" DefaultValue="UI-less Button 8"/>
        <bt:String id="uilessButtonSuperTipTitle1" DefaultValue="UI-less Button 1"/>
        <bt:String id="uilessButtonSuperTipTitle2" DefaultValue="UI-less Button 2"/>
        <bt:String id="uilessButtonSuperTipTitle3" DefaultValue="UI-less Button 3"/>
        <bt:String id="uilessButtonSuperTipTitle4" DefaultValue="UI-less Button 4"/>
        <bt:String id="uilessButtonSuperTipTitle5" DefaultValue="UI-less Button 5"/>
        <bt:String id="uilessButtonSuperTipTitle6" DefaultValue="UI-less Button 6"/>
        <bt:String id="uilessButtonSuperTipTitle7" DefaultValue="UI-less Button 7"/>
        <bt:String id="uilessButtonSuperTipTitle8" DefaultValue="UI-less Button 8"/>
      </bt:ShortStrings>
      <bt:LongStrings>
        <bt:String id="menuSuperTipDesc1" DefaultValue="This is the description for Menu 1"/>
        <bt:String id="menuSuperTipDesc2" DefaultValue="This is the description for Menu 2"/>
        <bt:String id="menuSuperTipDesc3" DefaultValue="This is the description for Menu 3"/>
        <bt:String id="menuSuperTipDesc4" DefaultValue="This is the description for Menu 4"/>
        <bt:String id="taskpaneButtonSuperTipDesc1" DefaultValue="This is the description for Taskpane Button 1"/>
        <bt:String id="taskpaneButtonSuperTipDesc2" DefaultValue="This is the description for Taskpane Button 2"/>
        <bt:String id="taskpaneButtonSuperTipDesc3" DefaultValue="This is the description for Taskpane Button 3"/>
        <bt:String id="taskpaneButtonSuperTipDesc4" DefaultValue="This is the description for Taskpane Button 4"/>
        <bt:String id="uilessButtonSuperTipDesc1" DefaultValue="This is the description for UI-less Button 1"/>
        <bt:String id="uilessButtonSuperTipDesc2" DefaultValue="This is the description for UI-less Button 2"/>
        <bt:String id="uilessButtonSuperTipDesc3" DefaultValue="This is the description for UI-less Button 3"/>
        <bt:String id="uilessButtonSuperTipDesc4" DefaultValue="This is the description for UI-less Button 4"/>
        <bt:String id="uilessButtonSuperTipDesc5" DefaultValue="This is the description for UI-less Button 5"/>
        <bt:String id="uilessButtonSuperTipDesc6" DefaultValue="This is the description for UI-less Button 6"/>
        <bt:String id="uilessButtonSuperTipDesc7" DefaultValue="This is the description for UI-less Button 7"/>
        <bt:String id="uilessButtonSuperTipDesc8" DefaultValue="This is the description for UI-less Button 8"/>
      </bt:LongStrings>
    </Resources>
  </VersionOverrides>
</OfficeApp>