{
  "version": "v4",
  "repo": "borisyankov/DefinitelyTyped",
  "ref": "master",
  "path": "typings",
  "bundle": "typings/tsd.d.ts",
  "installed": {
    "angularjs/angular.d.ts": {
      "commit": "04a025ada3492a22df24ca2d8521c911697721b3"
    },
    "angularjs/angular-route.d.ts": {
      "commit": "04a025ada3492a22df24ca2d8521c911697721b3"
    },
    "angularjs/angular-sanitize.d.ts": {
      "commit": "04a025ada3492a22df24ca2d8521c911697721b3"
    },
    "office-js/office-js.d.ts": {
      "commit": "62eedc3121a5e28c50473d2e4a9cefbcb9c3957f"
    }
  }
}
